{
  "failed": {
    "Apartemazements": {
      "accuracy": 84.728125,
      "reason": "84.73% (9774 differ)",
      "seed": 42
    },
    "BasicDijkstraDungeon": {
      "accuracy": 53.611111111111114,
      "reason": "53.61% (1670 differ)",
      "seed": 42
    },
    "BasicDijkstraFill": {
      "accuracy": 94.38888888888889,
      "reason": "94.39% (202 differ)",
      "seed": 42
    },
    "BernoulliPercolation": {
      "accuracy": 99.80912624824451,
      "reason": "99.81% (246 differ)",
      "seed": 42
    },
    "BiasedGrowth": {
      "accuracy": 94.47222222222223,
      "reason": "94.47% (796 differ)",
      "seed": 42
    },
    "BiasedGrowthContraction": {
      "accuracy": 95.91666666666667,
      "reason": "95.92% (588 differ)",
      "seed": 42
    },
    "BiasedMazeGrowth": {
      "accuracy": 94.63803053546643,
      "reason": "94.64% (734 differ)",
      "seed": 42
    },
    "BiasedVoronoi": {
      "accuracy": 80.390625,
      "reason": "80.39% (1255 differ)",
      "seed": 42
    },
    "BishopParity": {
      "accuracy": 96.94444444444444,
      "reason": "96.94% (110 differ)",
      "seed": 42
    },
    "CentralSAW": {
      "accuracy": 79.51738006320024,
      "reason": "79.52% (713 differ)",
      "seed": 42
    },
    "ChainDungeon": {
      "accuracy": 45.22222222222222,
      "reason": "45.22% (1972 differ)",
      "seed": 42
    },
    "ChainDungeonMaze": {
      "accuracy": 63.861111111111114,
      "reason": "63.86% (1301 differ)",
      "seed": 42
    },
    "ChainMaze": {
      "accuracy": 62.916666666666664,
      "reason": "62.92% (1335 differ)",
      "seed": 42
    },
    "Circuit": {
      "accuracy": 64.09077851192185,
      "reason": "64.09% (1250 differ)",
      "seed": 42
    },
    "ClosedSurface": {
      "accuracy": 82.54886831275721,
      "reason": "82.55% (8142 differ)",
      "seed": 42
    },
    "ColoredKnots": {
      "accuracy": 94.39300411522633,
      "reason": "94.39% (2616 differ)",
      "seed": 42
    },
    "CompleteSAW": {
      "accuracy": 55.40166204986149,
      "reason": "55.40% (161 differ)",
      "seed": 42
    },
    "CompleteSAWSmart": {
      "accuracy": 54.44234404536862,
      "reason": "54.44% (241 differ)",
      "seed": 42
    },
    "ConnectedCaves": {
      "accuracy": 99.83333333333333,
      "reason": "99.83% (6 differ)",
      "seed": 42
    },
    "ConstrainedCaves": {
      "accuracy": 67.97222222222223,
      "reason": "67.97% (1153 differ)",
      "seed": 42
    },
    "CrawlersChase": {
      "accuracy": 98.61111111111111,
      "reason": "98.61% (50 differ)",
      "seed": 42
    },
    "CrossCountry": {
      "accuracy": 97.59375,
      "reason": "97.59% (154 differ)",
      "seed": 42
    },
    "DenseSAW": {
      "accuracy": 87.90577420281528,
      "reason": "87.91% (421 differ)",
      "seed": 42
    },
    "DiagonalPath": {
      "accuracy": 98.53125,
      "reason": "98.53% (94 differ)",
      "seed": 42
    },
    "DijkstraDungeon": {
      "accuracy": 65.75,
      "reason": "65.75% (548 differ)",
      "seed": 42
    },
    "DungeonGrowth": {
      "accuracy": 99.55135394968755,
      "reason": "99.55% (28 differ)",
      "seed": 42
    },
    "Escher": {
      "accuracy": 83.6890625,
      "reason": "83.69% (10439 differ)",
      "seed": 42
    },
    "EscherSurface": {
      "accuracy": 93.515625,
      "reason": "93.52% (4150 differ)",
      "seed": 42
    },
    "EuclideanPath": {
      "accuracy": 97.453125,
      "reason": "97.45% (163 differ)",
      "seed": 42
    },
    "FindLongCycle": {
      "accuracy": 58.29903978052126,
      "reason": "58.30% (304 differ)",
      "seed": 42
    },
    "FireNoise": {
      "accuracy": 63.39666666666667,
      "reason": "63.40% (32943 differ)",
      "seed": 42
    },
    "GrowTo": {
      "accuracy": 91.22222222222223,
      "reason": "91.22% (1264 differ)",
      "seed": 42
    },
    "HamiltonianPath": {
      "accuracy": 68.83629191321499,
      "reason": "68.84% (474 differ)",
      "seed": 42
    },
    "Island": {
      "accuracy": 0.14671875,
      "reason": "0.15% (639061 differ)",
      "seed": 42
    },
    "Keys": {
      "accuracy": 78.78787878787878,
      "reason": "78.79% (231 differ)",
      "seed": 42
    },
    "KnightPatrol": {
      "accuracy": 89.69444444444444,
      "reason": "89.69% (371 differ)",
      "seed": 42
    },
    "Knots2D": {
      "accuracy": 88.55555555555556,
      "reason": "88.56% (412 differ)",
      "seed": 42
    },
    "Knots3D": {
      "accuracy": 92.8125,
      "reason": "92.81% (4600 differ)",
      "seed": 42
    },
    "MultiHeadedDungeon": {
      "accuracy": 68.03305785123968,
      "reason": "68.03% (967 differ)",
      "seed": 42
    },
    "MultiHeadedWalk": {
      "accuracy": 85.59330680542801,
      "reason": "85.59% (1412 differ)",
      "seed": 42
    },
    "MultiHeadedWalkDungeon": {
      "accuracy": 91.00833093938523,
      "reason": "91.01% (313 differ)",
      "seed": 42
    },
    "OrientedEscher": {
      "accuracy": 78.35925925925926,
      "reason": "78.36% (5843 differ)",
      "seed": 42
    },
    "Partitioning": {
      "accuracy": 91.3988368533823,
      "reason": "91.40% (843 differ)",
      "seed": 42
    },
    "Percolation": {
      "accuracy": 99.5354938271605,
      "reason": "99.54% (602 differ)",
      "seed": 42
    },
    "PeriodicEscher": {
      "accuracy": 80.69375,
      "reason": "80.69% (12356 differ)",
      "seed": 42
    },
    "PillarsOfEternity": {
      "accuracy": 0.0,
      "reason": "Dim mismatch: [45, 45, 45] vs [9, 9, 9]",
      "seed": 42
    },
    "RegularPath": {
      "accuracy": 88.76782566896331,
      "reason": "88.77% (701 differ)",
      "seed": 42
    },
    "SelectLargeCaves": {
      "accuracy": 86.02777777777777,
      "reason": "86.03% (503 differ)",
      "seed": 42
    },
    "SelectLongKnots": {
      "accuracy": 95.0,
      "reason": "95.00% (1350 differ)",
      "seed": 42
    },
    "Sewers": {
      "accuracy": 32.375,
      "reason": "32.38% (1082 differ)",
      "seed": 42
    },
    "SmartSAW": {
      "accuracy": 45.42936288088643,
      "reason": "45.43% (197 differ)",
      "seed": 42
    },
    "SmarterDigger": {
      "accuracy": 64.4375,
      "reason": "64.44% (569 differ)",
      "seed": 42
    },
    "SnellLaw": {
      "accuracy": 90.34375,
      "reason": "90.34% (618 differ)",
      "seed": 42
    },
    "SoftPath": {
      "accuracy": 98.88271604938272,
      "reason": "98.88% (362 differ)",
      "seed": 42
    },
    "StormySnellLaw": {
      "accuracy": 90.56944444444444,
      "reason": "90.57% (1358 differ)",
      "seed": 42
    },
    "SubmergedKnots": {
      "accuracy": 60.73585792824074,
      "reason": "60.74% (43423 differ)",
      "seed": 42
    },
    "Surface": {
      "accuracy": 69.83333333333333,
      "reason": "69.83% (8145 differ)",
      "seed": 42
    },
    "TileDungeon": {
      "accuracy": 75.61728395061728,
      "reason": "75.62% (316 differ)",
      "seed": 42
    },
    "TilePath": {
      "accuracy": 86.7,
      "reason": "86.70% (1330 differ)",
      "seed": 42
    }
  },
  "skipped": {},
  "verified": {
    "Backtracker": {
      "accuracy": 100.0,
      "seed": 42
    },
    "BacktrackerCycle": {
      "accuracy": 100.0,
      "seed": 42
    },
    "Basic": {
      "accuracy": 100.0,
      "seed": 42
    },
    "BasicBrickWall": {
      "accuracy": 100.0,
      "seed": 42
    },
    "BasicDungeonGrowth": {
      "accuracy": 100.0,
      "seed": 42
    },
    "BasicPartitioning": {
      "accuracy": 100.0,
      "seed": 42
    },
    "BlueNoise": {
      "accuracy": 100.0,
      "seed": 42
    },
    "Cave": {
      "accuracy": 100.0,
      "seed": 42
    },
    "CaveContour": {
      "accuracy": 100.0,
      "seed": 42
    },
    "CentralCrawlers": {
      "accuracy": 100.0,
      "seed": 42
    },
    "Counting": {
      "accuracy": 100.0,
      "seed": 42
    },
    "Coupling": {
      "accuracy": 100.0,
      "seed": 42
    },