{
  "failed": {
    "Apartemazements": {
      "accuracy": 84.728125,
      "reason": "84.73% (9774 differ)",
      "seed": 42
    },
    "ChainDungeon": {
      "accuracy": 62.19444444444444,
      "reason": "62.19% (1361 differ)",
      "seed": 42
    },
    "ChainDungeonMaze": {
      "accuracy": 73.22222222222223,
      "reason": "73.22% (964 differ)",
      "seed": 42
    },
    "ChainMaze": {
      "accuracy": 62.916666666666664,
      "reason": "62.92% (1335 differ)",
      "seed": 42
    },
    "Circuit": {
      "accuracy": 94.45561620224073,
      "reason": "94.46% (193 differ)",
      "seed": 42
    },
    "ClosedSurface": {
      "accuracy": 82.54886831275721,
      "reason": "82.55% (8142 differ)",
      "seed": 42
    },
    "ColoredKnots": {
      "accuracy": 94.39300411522633,
      "reason": "94.39% (2616 differ)",
      "seed": 42
    },
    "CompleteSAW": {
      "accuracy": 57.06371191135734,
      "reason": "57.06% (155 differ)",
      "seed": 42
    },
    "CompleteSAWSmart": {
      "accuracy": 57.46691871455577,
      "reason": "57.47% (225 differ)",
      "seed": 42
    },
    "CrawlersChase": {
      "accuracy": 98.61111111111111,
      "reason": "98.61% (50 differ)",
      "seed": 42
    },
    "Escher": {
      "accuracy": 83.6890625,
      "reason": "83.69% (10439 differ)",
      "seed": 42
    },
    "EscherSurface": {
      "accuracy": 93.515625,
      "reason": "93.52% (4150 differ)",
      "seed": 42
    },
    "FindLongCycle": {
      "accuracy": 58.29903978052126,
      "reason": "58.30% (304 differ)",
      "seed": 42
    },
    "FireNoise": {
      "accuracy": 63.39666666666667,
      "reason": "63.40% (32943 differ)",
      "seed": 42
    },
    "HamiltonianPath": {
      "accuracy": 68.83629191321499,
      "reason": "68.84% (474 differ)",
      "seed": 42
    },
    "Island": {
      "accuracy": 0.14671875,
      "reason": "0.15% (639061 differ)",
      "seed": 42
    },
    "Knots2D": {
      "accuracy": 88.55555555555556,
      "reason": "88.56% (412 differ)",
      "seed": 42
    },
    "Knots3D": {
      "accuracy": 92.8125,
      "reason": "92.81% (4600 differ)",
      "seed": 42
    },
    "MultiHeadedDungeon": {
      "accuracy": 68.03305785123968,
      "reason": "68.03% (967 differ)",
      "seed": 42
    },
    "MultiHeadedWalk": {
      "accuracy": 85.59330680542801,
      "reason": "85.59% (1412 differ)",
      "seed": 42
    },
    "MultiHeadedWalkDungeon": {
      "accuracy": 91.00833093938523,
      "reason": "91.01% (313 differ)",
      "seed": 42
    },
    "OrientedEscher": {
      "accuracy": 78.35925925925926,
      "reason": "78.36% (5843 differ)",
      "seed": 42
    },
    "Partitioning": {
      "accuracy": 91.3988368533823,
      "reason": "91.40% (843 differ)",
      "seed": 42
    },
    "PeriodicEscher": {
      "accuracy": 80.69375,
      "reason": "80.69% (12356 differ)",
      "seed": 42
    },
    "PillarsOfEternity": {
      "accuracy": 0.0,
      "reason": "Dim mismatch: [45, 45, 45] vs [9, 9, 9]",
      "seed": 42
    },
    "SelectLargeCaves": {
      "accuracy": 86.02777777777777,
      "reason": "86.03% (503 differ)",
      "seed": 42
    },
    "SelectLongKnots": {
      "accuracy": 95.0,
      "reason": "95.00% (1350 differ)",
      "seed": 42
    },
    "Sewers": {
      "accuracy": 32.25,
      "reason": "32.25% (1084 differ)",
      "seed": 42
    },
    "SmartSAW": {
      "accuracy": 45.42936288088643,
      "reason": "45.43% (197 differ)",
      "seed": 42
    },
    "SubmergedKnots": {
      "accuracy": 60.73585792824074,
      "reason": "60.74% (43423 differ)",
      "seed": 42
    },
    "Surface": {
      "accuracy": 69.83333333333333,
      "reason": "69.83% (8145 differ)",
      "seed": 42
    },
    "TileDungeon": {
      "accuracy": 75.61728395061728,
      "reason": "75.62% (316 differ)",
      "seed": 42
    },
    "TilePath": {
      "accuracy": 86.7,
      "reason": "86.70% (1330 differ)",
      "seed": 42
    }
  },
  "skipped": {},
  "verified": {
    "Backtracker": {
      "accuracy": 100.0,
      "seed": 42
    },
    "BacktrackerCycle": {
      "accuracy": 100.0,
      "seed": 42
    },
    "Basic": {
      "accuracy": 100.0,
      "seed": 42
    },
    "BasicBrickWall": {
      "accuracy": 100.0,
      "seed": 42
    },
    "BasicDijkstraDungeon": {
      "accuracy": 100.0,
      "seed": 42
    },
    "BasicDijkstraFill": {
      "accuracy": 100.0,
      "seed": 42
    },
    "BasicDungeonGrowth": {
      "accuracy": 100.0,
      "seed": 42
    },
    "BasicPartitioning": {
      "accuracy": 100.0,
      "seed": 42
    },
    "BernoulliPercolation": {
      "accuracy": 100.0,
      "seed": 42
    },
    "BiasedGrowth": {
      "accuracy": 100.0,
      "seed": 42
    },
    "BiasedGrowthContraction": {
      "accuracy": 100.0,
      "seed": 42
    },
    "BiasedMazeGrowth": {
      "accuracy": 100.0,
      "seed": 42
    },
    "BiasedVoronoi": {
      "accuracy": 100.0,
      "seed": 42
    },
    "BishopParity": {
      "accuracy": 100.0,
      "seed": 42
    },
    "BlueNoise": {
      "accuracy": 100.0,
      "seed": 42
    },
    "Cave": {
      "accuracy": 100.0,
      "seed": 42
    },
    "CaveContour": {
      "accuracy": 100.0,
      "seed": 42
    },
    "CentralCrawlers": {
      "accuracy": 100.0,
      "seed": 42
    },
    "CentralSAW": {
      "accuracy": 100.0,
      "seed": 42
    },
    "ConnectedCaves": {
      "accuracy": 100.0,
      "seed": 42
    },
    "ConstrainedCaves": {
      "accuracy": 100.0,
      "seed": 42
    },
    "Counting": {
      "accuracy": 100.0,
      "seed": 42
    },
    "Coupling": {
      "accuracy": 100.0,
      "seed": 42
    },
    "CrossCountry": {
      "accuracy": 100.0,
      "seed": 42
    },
    "Cycles": {
      "accuracy": 100.0,
      "seed": 42
    },
    "DenseSAW": {
      "accuracy": 100.0,
      "seed": 42
    },
    "DiagonalPath": {
      "accuracy": 100.0,
      "seed": 42
    },
    "Digger": {
      "accuracy": 100.0,
      "seed": 42
    },
    "DijkstraDungeon": {
      "accuracy": 100.0,
      "seed": 42
    },
    "DualRetraction": {
      "accuracy": 100.0,
      "seed": 42
    },
    "DungeonGrowth": {
      "accuracy": 100.0,
      "seed": 42
    },
    "Dwarves": {
      "accuracy": 100.0,
      "seed": 42
    },
    "EuclideanPath": {
      "accuracy": 100.0,
      "seed": 42
    },
    "Flowers": {
      "accuracy": 100.0,
      "seed": 42
    },
    "Forest": {
      "accuracy": 100.0,
      "seed": 42
    },
    "ForestFire": {
      "accuracy": 100.0,
      "seed": 42
    },
    "ForestFireCA": {
      "accuracy": 100.0,
      "seed": 42
    },
    "GameOfLife": {
      "accuracy": 100.0,
      "seed": 42
    },
    "GrowTo": {
      "accuracy": 100.0,
      "seed": 42
    },
    "Growth": {
      "accuracy": 100.0,
      "seed": 42
    },
    "GrowthCompetition": {
      "accuracy": 100.0,
      "seed": 42
    },
    "GrowthContraction": {
      "accuracy": 100.0,
      "seed": 42
    },
    "GrowthWalk": {
      "accuracy": 100.0,
      "seed": 42
    },
    "HamiltonianPaths": {
      "accuracy": 100.0,
      "seed": 42
    },
    "Hills": {
      "accuracy": 100.0,
      "seed": 42
    },
    "IrregularMazeGrowth": {
      "accuracy": 100.0,
      "seed": 42
    },
    "IrregularSAW": {
      "accuracy": 100.0,
      "seed": 42
    },
    "Keys": {
      "accuracy": 100.0,
      "seed": 42
    },
    "KnightPatrol": {
      "accuracy": 100.0,
      "seed": 42
    },
    "Laplace": {
      "accuracy": 100.0,
      "seed": 42
    },
    "LoopGrowth": {
      "accuracy": 100.0,
      "seed": 42
    },
    "LostCity": {
      "accuracy": 100.0,
      "seed": 42
    },
    "MarchingSquares": {
      "accuracy": 100.0,
      "seed": 42
    },
    "MazeBacktracker": {
      "accuracy": 100.0,
      "seed": 42
    },
    "MazeGrowth": {
      "accuracy": 100.0,
      "seed": 42
    },
    "MazeMap": {
      "accuracy": 100.0,
      "seed": 42
    },